Cell_ID,Timepoint,Centroid_X_um,Centroid_Y_um,Centroid_Z_um,Lineage_Parent_ID,Metabolic_ORR,Certified_Status
1,1,52.1,41.5,15.8,0,0.32,UNVERIFIED
2,2,54.2,43.0,16.6,0,0.32,UNVERIFIED
3,3,56.3,44.5,15.0,0,0.32,UNVERIFIED
4,4,58.4,46.0,15.8,0,0.32,UNVERIFIED
5,0,60.5,47.5,16.6,0,0.32,UNVERIFIED
6,1,62.6,49.0,15.0,0,0.32,UNVERIFIED
7,2,64.7,50.5,15.8,0,0.32,UNVERIFIED
8,3,66.8,52.0,16.6,0,0.32,UNVERIFIED
9,4,68.9,53.5,15.0,0,0.32,UNVERIFIED
10,0,71.0,55.0,15.8,0,0.32,UNVERIFIED
11,1,73.1,56.5,16.6,0,0.32,UNVERIFIED
12,2,75.2,58.0,15.0,0,0.32,UNVERIFIED
13,3,77.3,59.5,15.8,0,0.32,UNVERIFIED
14,4,79.4,61.0,16.6,0,0.32,UNVERIFIED
15,0,81.5,62.5,15.0,5,0.32,UNVERIFIED
16,1,83.6,64.0,15.8,6,0.32,UNVERIFIED
17,2,85.7,65.5,16.6,7,0.32,UNVERIFIED
18,3,87.8,67.0,15.0,8,0.32,UNVERIFIED
19,4,89.9,68.5,15.8,9,0.32,UNVERIFIED
20,0,92.0,70.0,16.6,10,0.65,UNVERIFIED
21,1,94.1,71.5,15.0,11,0.65,UNVERIFIED
22,2,96.2,73.0,15.8,12,0.65,UNVERIFIED
23,3,98.3,74.5,16.6,13,0.65,UNVERIFIED
24,4,100.4,76.0,15.0,14,0.65,UNVERIFIED
